[
  {
   "pins": [
      [
        "A",
        "gnd",
        "Y",
        "vdd"
      ], [
        "A",
        "gnd",
        "Y",
        "vdd"
      ]
   ]
  },
  {
   "pins": [
      [
        "A",
        "gnd",
        "Y",
        "vdd"
      ], [
        "A",
        "gnd",
        "Y",
        "vdd"
      ]
   ]
  },
  {
   "pins": [
      [
        "A",
        "B",
        "gnd",
        "Y",
        "vdd"
      ], [
        "A",
        "B",
        "gnd",
        "Y",
        "vdd"
      ]
   ]
  },
  {
   "pins": [
      [
        "A",
        "B",
        "C",
        "gnd",
        "Y",
        "vdd"
      ], [
        "A",
        "B",
        "C",
        "gnd",
        "Y",
        "vdd"
      ]
   ]
  },
  {
   "pins": [
      [
        "A",
        "B",
        "S",
        "gnd",
        "Y",
        "vdd"
      ], [
        "A",
        "B",
        "S",
        "gnd",
        "Y",
        "vdd"
      ]
   ]
  },
  {
   "pins": [
      [
        "A",
        "B",
        "C",
        "gnd",
        "Y",
        "vdd"
      ], [
        "A",
        "B",
        "C",
        "gnd",
        "Y",
        "vdd"
      ]
   ]
  },
  {
   "pins": [
      [
        "A",
        "B",
        "gnd",
        "Y",
        "vdd"
      ], [
        "A",
        "B",
        "gnd",
        "Y",
        "vdd"
      ]
   ]
  },
  {
   "pins": [
      [
        "A",
        "B",
        "C",
        "D",
        "gnd",
        "Y",
        "vdd"
      ], [
        "A",
        "B",
        "C",
        "D",
        "gnd",
        "Y",
        "vdd"
      ]
   ]
  },
  {
   "pins": [
      [
        "A",
        "gnd",
        "Y",
        "vdd"
      ], [
        "A",
        "gnd",
        "Y",
        "vdd"
      ]
   ]
  },
  {
   "pins": [
      [
        "A",
        "gnd",
        "Y",
        "vdd"
      ], [
        "A",
        "gnd",
        "Y",
        "vdd"
      ]
   ]
  },
  {
   "pins": [
      [
        "A",
        "B",
        "gnd",
        "Y",
        "vdd"
      ], [
        "A",
        "B",
        "gnd",
        "Y",
        "vdd"
      ]
   ]
  },
  {
   "pins": [
      [
        "A",
        "gnd",
        "Y",
        "vdd"
      ], [
        "A",
        "gnd",
        "Y",
        "vdd"
      ]
   ]
  },
  {
   "pins": [
      [
        "A",
        "gnd",
        "Y",
        "vdd"
      ], [
        "A",
        "gnd",
        "Y",
        "vdd"
      ]
   ]
  },
  {
   "pins": [
      [
        "A",
        "B",
        "C",
        "D",
        "gnd",
        "Y",
        "vdd"
      ], [
        "A",
        "B",
        "C",
        "D",
        "gnd",
        "Y",
        "vdd"
      ]
   ]
  },
  {
   "pins": [
      [
        "A",
        "B",
        "C",
        "gnd",
        "Y",
        "vdd"
      ], [
        "A",
        "B",
        "C",
        "gnd",
        "Y",
        "vdd"
      ]
   ]
  },
  {
   "pins": [
      [
        "A",
        "B",
        "gnd",
        "Y",
        "vdd"
      ], [
        "A",
        "B",
        "gnd",
        "Y",
        "vdd"
      ]
   ]
  },
  {
   "pins": [
      [
        "A",
        "B",
        "gnd",
        "Y",
        "vdd"
      ], [
        "A",
        "B",
        "gnd",
        "Y",
        "vdd"
      ]
   ]
  },
  {
   "pins": [
      [
        "A",
        "gnd",
        "Y",
        "vdd"
      ], [
        "A",
        "gnd",
        "Y",
        "vdd"
      ]
   ]
  },
  {
   "pins": [
      [
        "Q",
        "CLK",
        "R",
        "S",
        "D",
        "gnd",
        "vdd"
      ], [
        "Q",
        "CLK",
        "R",
        "S",
        "D",
        "gnd",
        "vdd"
      ]
   ]
  },
  {
   "pins": [
      [
        "A",
        "B",
        "C",
        "gnd",
        "Y",
        "vdd"
      ], [
        "A",
        "B",
        "C",
        "gnd",
        "Y",
        "vdd"
      ]
   ]
  },
  {
   "pins": [
      [
        "A",
        "B",
        "gnd",
        "Y",
        "vdd"
      ], [
        "A",
        "B",
        "gnd",
        "Y",
        "vdd"
      ]
   ]
  },
  {
   "name": [
      "risc4b",
      "risc4b"
   ],
   "devices": [
       [
         ["OAI21X1", 833],
         ["NOR2X1", 208],
         ["INVX2", 55],
         ["NAND2X1", 226],
         ["MUX2X1", 41],
         ["AOI21X1", 342],
         ["INVX8", 39],
         ["BUFX2", 53],
         ["INVX4", 66],
         ["AOI22X1", 53],
         ["BUFX4", 203],
         ["OAI22X1", 35],
         ["NAND3X1", 35],
         ["INVX1", 43],
         ["DFFSR", 83],
         ["XOR2X1", 1],
         ["OR2X2", 6],
         ["NOR3X1", 5],
         ["AND2X2", 22],
         ["XNOR2X1", 6],
         ["CLKBUF1", 9 ]
       ], [
         ["OAI21X1", 833 ],
         ["NOR2X1", 208 ],
         ["INVX2", 55 ],
         ["NAND2X1", 226 ],
         ["MUX2X1", 41 ],
         ["AOI21X1", 342 ],
         ["INVX8", 39 ],
         ["BUFX2", 53 ],
         ["INVX4", 66 ],
         ["AOI22X1", 53 ],
         ["BUFX4", 203 ],
         ["OAI22X1", 35 ],
         ["NAND3X1", 35 ],
         ["INVX1", 43 ],
         ["DFFSR", 83 ],
         ["XOR2X1", 1 ],
         ["OR2X2", 6 ],
         ["NOR3X1", 5 ],
         ["AND2X2", 22 ],
         ["XNOR2X1", 6 ],
         ["CLKBUF1", 9 ]
       ]
   ],
   "nets": [
    2398,
    2398
   ],
   "badnets": [
   ],
   "badelements": [
   ],
   "pins": [
      [
        "prog_data[1]",
        "ee_rdata[7]",
        "ee_rdata[1]",
        "ee_rdata[3]",
        "ee_rdata[5]",
        "ee_rdata[4]",
        "ee_rdata[6]",
        "ee_rdata[0]",
        "ee_rdata[2]",
        "prog_addr[0]",
        "prog_addr[4]",
        "prog_addr[8]",
        "prog_addr[10]",
        "prog_addr[1]",
        "prog_addr[11]",
        "ee_addr[6]",
        "ram_addr[6]",
        "ee_addr[5]",
        "ram_addr[5]",
        "ee_addr[4]",
        "ram_addr[4]",
        "prog_addr[6]",
        "prog_addr[5]",
        "ee_wdata[1]",
        "ee_wdata[3]",
        "ee_wdata[2]",
        "ee_wdata[7]",
        "ee_wdata[0]",
        "ee_wdata[4]",
        "ee_wdata[6]",
        "ram_wdata[1]",
        "ram_wdata[0]",
        "ram_wdata[2]",
        "ram_wdata[3]",
        "ram_we",
        "test[1]",
        "test[0]",
        "test[2]",
        "prog_addr[9]",
        "ee_addr[1]",
        "ram_addr[1]",
        "ee_addr[3]",
        "ram_addr[3]",
        "ee_wdata[5]",
        "test[3]",
        "ee_ctrl[0]",
        "ee_ctrl[2]",
        "ee_ctrl[3]",
        "prog_addr[3]",
        "prog_addr[2]",
        "txd[3]",
        "txd[1]",
        "txd[0]",
        "txd[2]",
        "ee_ctrl[1]",
        "ee_addr[0]",
        "ram_addr[0]",
        "ee_addr[7]",
        "ram_addr[7]",
        "prog_addr[7]",
        "ee_addr[2]",
        "ram_addr[2]",
        "clk",
        "nreset",
        "prog_data[9]",
        "prog_data[7]",
        "prog_data[3]",
        "tm_inc_pc",
        "prog_data[10]",
        "prog_data[6]",
        "prog_data[0]",
        "prog_data[4]",
        "prog_data[8]",
        "ram_rdata[3]",
        "ram_rdata[1]",
        "prog_data[2]",
        "ram_rdata[0]",
        "ram_rdata[2]",
        "tm_en",
        "rxd[0]",
        "rxd[3]",
        "rxd[2]",
        "rxd[1]",
        "prog_data[11]",
        "prog_data[5]",
        "vdd",
        "gnd"
      ], [
        "prog_data[1]",
        "ee_rdata[7]",
        "ee_rdata[1]",
        "ee_rdata[3]",
        "ee_rdata[5]",
        "ee_rdata[4]",
        "ee_rdata[6]",
        "ee_rdata[0]",
        "ee_rdata[2]",
        "prog_addr[0]",
        "prog_addr[4]",
        "prog_addr[8]",
        "prog_addr[10]",
        "prog_addr[1]",
        "prog_addr[11]",
        "ee_addr[6]",
        "ram_addr[6]",
        "ee_addr[5]",
        "ram_addr[5]",
        "ee_addr[4]",
        "ram_addr[4]",
        "prog_addr[6]",
        "prog_addr[5]",
        "ee_wdata[1]",
        "ee_wdata[3]",
        "ee_wdata[2]",
        "ee_wdata[7]",
        "ee_wdata[0]",
        "ee_wdata[4]",
        "ee_wdata[6]",
        "ram_wdata[1]",
        "ram_wdata[0]",
        "ram_wdata[2]",
        "ram_wdata[3]",
        "ram_we",
        "test[1]",
        "test[0]",
        "test[2]",
        "prog_addr[9]",
        "ee_addr[1]",
        "ram_addr[1]",
        "ee_addr[3]",
        "ram_addr[3]",
        "ee_wdata[5]",
        "test[3]",
        "ee_ctrl[0]",
        "ee_ctrl[2]",
        "ee_ctrl[3]",
        "prog_addr[3]",
        "prog_addr[2]",
        "txd[3]",
        "txd[1]",
        "txd[0]",
        "txd[2]",
        "ee_ctrl[1]",
        "ee_addr[0]",
        "ram_addr[0]",
        "ee_addr[7]",
        "ram_addr[7]",
        "prog_addr[7]",
        "ee_addr[2]",
        "ram_addr[2]",
        "clk",
        "nreset",
        "prog_data[9]",
        "prog_data[7]",
        "prog_data[3]",
        "tm_inc_pc",
        "prog_data[10]",
        "prog_data[6]",
        "prog_data[0]",
        "prog_data[4]",
        "prog_data[8]",
        "ram_rdata[3]",
        "ram_rdata[1]",
        "prog_data[2]",
        "ram_rdata[0]",
        "ram_rdata[2]",
        "tm_en",
        "rxd[0]",
        "rxd[3]",
        "rxd[2]",
        "rxd[1]",
        "prog_data[11]",
        "prog_data[5]",
        "vdd",
        "gnd"
      ]
   ]
  }
]
